[
	{
		"fact_inventory_transaction_key" : 44,
		"inventory_transaction_key" : 63,
		"product_key" : 80,
		"transaction_created_date_key" : 20060322,
		"transaction_modified_date_key" : 20060324,
		"inventory_transaction_type" : "Sold",
		"quantity" : 30,
		"purchase_order_key" : null,
		"order_key" : null
	},
	{
		"fact_inventory_transaction_key" : 45,
		"inventory_transaction_key" : 64,
		"product_key" : 7,
		"transaction_created_date_key" : 20060322,
		"transaction_modified_date_key" : 20060322,
		"inventory_transaction_type" : "Sold",
		"quantity" : 10,
		"purchase_order_key" : null,
		"order_key" : null
	},
	{
		"fact_inventory_transaction_key" : 46,
		"inventory_transaction_key" : 65,
		"product_key" : 51,
		"transaction_created_date_key" : 20060322,
		"transaction_modified_date_key" : 20060322,
		"inventory_transaction_type" : "Sold",
		"quantity" : 10,
		"purchase_order_key" : null,
		"order_key" : null
	},
	{
		"fact_inventory_transaction_key" : 47,
		"inventory_transaction_key" : 66,
		"product_key" : 80,
		"transaction_created_date_key" : 20060322,
		"transaction_modified_date_key" : 20060322,
		"inventory_transaction_type" : "Sold",
		"quantity" : 10,
		"purchase_order_key" : null,
		"order_key" : null
	},
	{
		"fact_inventory_transaction_key" : 48,
		"inventory_transaction_key" : 67,
		"product_key" : 1,
		"transaction_created_date_key" : 20060322,
		"transaction_modified_date_key" : 20060322,
		"inventory_transaction_type" : "Sold",
		"quantity" : 15,
		"purchase_order_key" : null,
		"order_key" : null
	},
	{
		"fact_inventory_transaction_key" : 49,
		"inventory_transaction_key" : 68,
		"product_key" : 43,
		"transaction_created_date_key" : 20060322,
		"transaction_modified_date_key" : 20060322,
		"inventory_transaction_type" : "Sold",
		"quantity" : 20,
		"purchase_order_key" : null,
		"order_key" : null
	},
	{
		"fact_inventory_transaction_key" : 50,
		"inventory_transaction_key" : 69,
		"product_key" : 19,
		"transaction_created_date_key" : 20060322,
		"transaction_modified_date_key" : 20060324,
		"inventory_transaction_type" : "Sold",
		"quantity" : 20,
		"purchase_order_key" : null,
		"order_key" : null
	},
	{
		"fact_inventory_transaction_key" : 51,
		"inventory_transaction_key" : 70,
		"product_key" : 48,
		"transaction_created_date_key" : 20060322,
		"transaction_modified_date_key" : 20060324,
		"inventory_transaction_type" : "Sold",
		"quantity" : 10,
		"purchase_order_key" : null,
		"order_key" : null
	},
	{
		"fact_inventory_transaction_key" : 52,
		"inventory_transaction_key" : 71,
		"product_key" : 8,
		"transaction_created_date_key" : 20060322,
		"transaction_modified_date_key" : 20060324,
		"inventory_transaction_type" : "Sold",
		"quantity" : 17,
		"purchase_order_key" : null,
		"order_key" : null
	},
	{
		"fact_inventory_transaction_key" : 53,
		"inventory_transaction_key" : 73,
		"product_key" : 81,
		"transaction_created_date_key" : 20060324,
		"transaction_modified_date_key" : 20060324,
		"inventory_transaction_type" : "Sold",
		"quantity" : 200,
		"purchase_order_key" : null,
		"order_key" : null
	},
	{
		"fact_inventory_transaction_key" : 54,
		"inventory_transaction_key" : 75,
		"product_key" : 48,
		"transaction_created_date_key" : 20060324,
		"transaction_modified_date_key" : 20060324,
		"inventory_transaction_type" : "Sold",
		"quantity" : 100,
		"purchase_order_key" : null,
		"order_key" : null
	},
	{
		"fact_inventory_transaction_key" : 55,
		"inventory_transaction_key" : 77,
		"product_key" : 43,
		"transaction_created_date_key" : 20060324,
		"transaction_modified_date_key" : 20060324,
		"inventory_transaction_type" : "Sold",
		"quantity" : 300,
		"purchase_order_key" : null,
		"order_key" : null
	},
	{
		"fact_inventory_transaction_key" : 56,
		"inventory_transaction_key" : 79,
		"product_key" : 41,
		"transaction_created_date_key" : 20060324,
		"transaction_modified_date_key" : 20060324,
		"inventory_transaction_type" : "Sold",
		"quantity" : 200,
		"purchase_order_key" : null,
		"order_key" : null
	},
	{
		"fact_inventory_transaction_key" : 57,
		"inventory_transaction_key" : 81,
		"product_key" : 19,
		"transaction_created_date_key" : 20060324,
		"transaction_modified_date_key" : 20060324,
		"inventory_transaction_type" : "Sold",
		"quantity" : 30,
		"purchase_order_key" : null,
		"order_key" : null
	},
	{
		"fact_inventory_transaction_key" : 58,
		"inventory_transaction_key" : 83,
		"product_key" : 34,
		"transaction_created_date_key" : 20060324,
		"transaction_modified_date_key" : 20060324,
		"inventory_transaction_type" : "Sold",
		"quantity" : 100,
		"purchase_order_key" : null,
		"order_key" : null
	},
	{
		"fact_inventory_transaction_key" : 59,
		"inventory_transaction_key" : 84,
		"product_key" : 6,
		"transaction_created_date_key" : 20060324,
		"transaction_modified_date_key" : 20060404,
		"inventory_transaction_type" : "Sold",
		"quantity" : 10,
		"purchase_order_key" : null,
		"order_key" : null
	},
	{
		"fact_inventory_transaction_key" : 60,
		"inventory_transaction_key" : 85,
		"product_key" : 4,
		"transaction_created_date_key" : 20060324,
		"transaction_modified_date_key" : 20060404,
		"inventory_transaction_type" : "Sold",
		"quantity" : 10,
		"purchase_order_key" : null,
		"order_key" : null
	},
	{
		"fact_inventory_transaction_key" : 61,
		"inventory_transaction_key" : 91,
		"product_key" : 40,
		"transaction_created_date_key" : 20060324,
		"transaction_modified_date_key" : 20060404,
		"inventory_transaction_type" : "Sold",
		"quantity" : 50,
		"purchase_order_key" : null,
		"order_key" : null
	},
	{
		"fact_inventory_transaction_key" : 62,
		"inventory_transaction_key" : 92,
		"product_key" : 21,
		"transaction_created_date_key" : 20060324,
		"transaction_modified_date_key" : 20060404,
		"inventory_transaction_type" : "Sold",
		"quantity" : 20,
		"purchase_order_key" : null,
		"order_key" : null
	},
	{
		"fact_inventory_transaction_key" : 63,
		"inventory_transaction_key" : 93,
		"product_key" : 5,
		"transaction_created_date_key" : 20060324,
		"transaction_modified_date_key" : 20060404,
		"inventory_transaction_type" : "Sold",
		"quantity" : 25,
		"purchase_order_key" : null,
		"order_key" : null
	},
	{
		"fact_inventory_transaction_key" : 64,
		"inventory_transaction_key" : 94,
		"product_key" : 41,
		"transaction_created_date_key" : 20060324,
		"transaction_modified_date_key" : 20060404,
		"inventory_transaction_type" : "Sold",
		"quantity" : 30,
		"purchase_order_key" : null,
		"order_key" : null
	},
	{
		"fact_inventory_transaction_key" : 65,
		"inventory_transaction_key" : 95,
		"product_key" : 40,
		"transaction_created_date_key" : 20060324,
		"transaction_modified_date_key" : 20060404,
		"inventory_transaction_type" : "Sold",
		"quantity" : 30,
		"purchase_order_key" : null,
		"order_key" : null
	},
	{
		"fact_inventory_transaction_key" : 66,
		"inventory_transaction_key" : 99,
		"product_key" : 48,
		"transaction_created_date_key" : 20060403,
		"transaction_modified_date_key" : 20060403,
		"inventory_transaction_type" : "Sold",
		"quantity" : 10,
		"purchase_order_key" : null,
		"order_key" : null
	},
	{
		"fact_inventory_transaction_key" : 35,
		"inventory_transaction_key" : 100,
		"product_key" : 57,
		"transaction_created_date_key" : 20060404,
		"transaction_modified_date_key" : 20060404,
		"inventory_transaction_type" : "Purchased",
		"quantity" : 100,
		"purchase_order_key" : null,
		"order_key" : null
	},
	{
		"fact_inventory_transaction_key" : 67,
		"inventory_transaction_key" : 101,
		"product_key" : 57,
		"transaction_created_date_key" : 20060404,
		"transaction_modified_date_key" : 20060404,
		"inventory_transaction_type" : "Sold",
		"quantity" : 100,
		"purchase_order_key" : null,
		"order_key" : null
	},
	{
		"fact_inventory_transaction_key" : 36,
		"inventory_transaction_key" : 102,
		"product_key" : 34,
		"transaction_created_date_key" : 20060404,
		"transaction_modified_date_key" : 20060404,
		"inventory_transaction_type" : "Purchased",
		"quantity" : 50,
		"purchase_order_key" : null,
		"order_key" : null
	},
	{
		"fact_inventory_transaction_key" : 37,
		"inventory_transaction_key" : 103,
		"product_key" : 43,
		"transaction_created_date_key" : 20060404,
		"transaction_modified_date_key" : 20060404,
		"inventory_transaction_type" : "Purchased",
		"quantity" : 250,
		"purchase_order_key" : null,
		"order_key" : null
	},
	{
		"fact_inventory_transaction_key" : 38,
		"inventory_transaction_key" : 105,
		"product_key" : 8,
		"transaction_created_date_key" : 20060404,
		"transaction_modified_date_key" : 20060404,
		"inventory_transaction_type" : "Purchased",
		"quantity" : 25,
		"purchase_order_key" : null,
		"order_key" : null
	},
	{
		"fact_inventory_transaction_key" : 68,
		"inventory_transaction_key" : 106,
		"product_key" : 8,
		"transaction_created_date_key" : 20060404,
		"transaction_modified_date_key" : 20060404,
		"inventory_transaction_type" : "Sold",
		"quantity" : 25,
		"purchase_order_key" : null,
		"order_key" : null
	},
	{
		"fact_inventory_transaction_key" : 39,
		"inventory_transaction_key" : 107,
		"product_key" : 34,
		"transaction_created_date_key" : 20060404,
		"transaction_modified_date_key" : 20060404,
		"inventory_transaction_type" : "Purchased",
		"quantity" : 300,
		"purchase_order_key" : null,
		"order_key" : null
	},
	{
		"fact_inventory_transaction_key" : 40,
		"inventory_transaction_key" : 109,
		"product_key" : 19,
		"transaction_created_date_key" : 20060404,
		"transaction_modified_date_key" : 20060404,
		"inventory_transaction_type" : "Purchased",
		"quantity" : 25,
		"purchase_order_key" : null,
		"order_key" : null
	},
	{
		"fact_inventory_transaction_key" : 41,
		"inventory_transaction_key" : 111,
		"product_key" : 19,
		"transaction_created_date_key" : 20060404,
		"transaction_modified_date_key" : 20060404,
		"inventory_transaction_type" : "Purchased",
		"quantity" : 10,
		"purchase_order_key" : null,
		"order_key" : null
	},
	{
		"fact_inventory_transaction_key" : 42,
		"inventory_transaction_key" : 113,
		"product_key" : 72,
		"transaction_created_date_key" : 20060404,
		"transaction_modified_date_key" : 20060404,
		"inventory_transaction_type" : "Purchased",
		"quantity" : 50,
		"purchase_order_key" : null,
		"order_key" : null
	},
	{
		"fact_inventory_transaction_key" : 43,
		"inventory_transaction_key" : 115,
		"product_key" : 41,
		"transaction_created_date_key" : 20060404,
		"transaction_modified_date_key" : 20060404,
		"inventory_transaction_type" : "Purchased",
		"quantity" : 50,
		"purchase_order_key" : null,
		"order_key" : null
	}
]
