[
	{
		"fact_purchase_order_key" : 37,
		"purchase_order_key" : 100,
		"supplier_key" : 2,
		"product_key" : 48,
		"inventory_key" : 74,
		"created_by" : 9,
		"purchase_order_status" : "Approved",
		"po_detail_posted_to_inventory" : 1,
		"po_detail_unit_cost" : 10,
		"po_detail_quantity" : 100,
		"shipping_fee" : 0,
		"taxes" : 0,
		"payment_date" : null,
		"payment_amount" : 0,
		"approved_by" : 2,
		"submitted_by" : 9,
		"submitted_date_key" : 20060114,
		"creation_date_key" : 20060122,
		"po_detail_date_received_key" : 20060122,
		"approved_date_key" : 20060122
	},
	{
		"fact_purchase_order_key" : 38,
		"purchase_order_key" : 101,
		"supplier_key" : 1,
		"product_key" : 81,
		"inventory_key" : 72,
		"created_by" : 2,
		"purchase_order_status" : "Approved",
		"po_detail_posted_to_inventory" : 1,
		"po_detail_unit_cost" : 2,
		"po_detail_quantity" : 200,
		"shipping_fee" : 0,
		"taxes" : 0,
		"payment_date" : null,
		"payment_amount" : 0,
		"approved_by" : 2,
		"submitted_by" : 2,
		"submitted_date_key" : 20060114,
		"creation_date_key" : 20060122,
		"po_detail_date_received_key" : 20060122,
		"approved_date_key" : 20060122
	},
	{
		"fact_purchase_order_key" : 39,
		"purchase_order_key" : 102,
		"supplier_key" : 1,
		"product_key" : 43,
		"inventory_key" : null,
		"created_by" : 1,
		"purchase_order_status" : "Approved",
		"po_detail_posted_to_inventory" : 0,
		"po_detail_unit_cost" : 34,
		"po_detail_quantity" : 300,
		"shipping_fee" : 0,
		"taxes" : 0,
		"payment_date" : null,
		"payment_amount" : 0,
		"approved_by" : 2,
		"submitted_by" : 1,
		"submitted_date_key" : 20060324,
		"creation_date_key" : 20060324,
		"po_detail_date_received_key" : null,
		"approved_date_key" : 20060404
	},
	{
		"fact_purchase_order_key" : 40,
		"purchase_order_key" : 103,
		"supplier_key" : 2,
		"product_key" : 19,
		"inventory_key" : 111,
		"created_by" : 1,
		"purchase_order_status" : "Approved",
		"po_detail_posted_to_inventory" : 1,
		"po_detail_unit_cost" : 7,
		"po_detail_quantity" : 10,
		"shipping_fee" : 0,
		"taxes" : 0,
		"payment_date" : null,
		"payment_amount" : 0,
		"approved_by" : 2,
		"submitted_by" : 1,
		"submitted_date_key" : 20060324,
		"creation_date_key" : 20060324,
		"po_detail_date_received_key" : 20060417,
		"approved_date_key" : 20060404
	},
	{
		"fact_purchase_order_key" : 41,
		"purchase_order_key" : 104,
		"supplier_key" : 2,
		"product_key" : 41,
		"inventory_key" : 115,
		"created_by" : 1,
		"purchase_order_status" : "Approved",
		"po_detail_posted_to_inventory" : 1,
		"po_detail_unit_cost" : 7,
		"po_detail_quantity" : 50,
		"shipping_fee" : 0,
		"taxes" : 0,
		"payment_date" : null,
		"payment_amount" : 0,
		"approved_by" : 2,
		"submitted_by" : 1,
		"submitted_date_key" : 20060324,
		"creation_date_key" : 20060324,
		"po_detail_date_received_key" : 20060406,
		"approved_date_key" : 20060404
	},
	{
		"fact_purchase_order_key" : 42,
		"purchase_order_key" : 105,
		"supplier_key" : 5,
		"product_key" : 57,
		"inventory_key" : 100,
		"created_by" : 7,
		"purchase_order_status" : "Approved",
		"po_detail_posted_to_inventory" : 1,
		"po_detail_unit_cost" : 15,
		"po_detail_quantity" : 100,
		"shipping_fee" : 0,
		"taxes" : 0,
		"payment_date" : null,
		"payment_amount" : 0,
		"approved_by" : 2,
		"submitted_by" : 7,
		"submitted_date_key" : 20060324,
		"creation_date_key" : 20060324,
		"po_detail_date_received_key" : 20060405,
		"approved_date_key" : 20060404
	},
	{
		"fact_purchase_order_key" : 43,
		"purchase_order_key" : 106,
		"supplier_key" : 6,
		"product_key" : 72,
		"inventory_key" : 113,
		"created_by" : 7,
		"purchase_order_status" : "Approved",
		"po_detail_posted_to_inventory" : 1,
		"po_detail_unit_cost" : 26,
		"po_detail_quantity" : 50,
		"shipping_fee" : 0,
		"taxes" : 0,
		"payment_date" : null,
		"payment_amount" : 0,
		"approved_by" : 2,
		"submitted_by" : 7,
		"submitted_date_key" : 20060324,
		"creation_date_key" : 20060324,
		"po_detail_date_received_key" : 20060405,
		"approved_date_key" : 20060404
	},
	{
		"fact_purchase_order_key" : 44,
		"purchase_order_key" : 107,
		"supplier_key" : 1,
		"product_key" : 34,
		"inventory_key" : 107,
		"created_by" : 6,
		"purchase_order_status" : "Approved",
		"po_detail_posted_to_inventory" : 1,
		"po_detail_unit_cost" : 10,
		"po_detail_quantity" : 300,
		"shipping_fee" : 0,
		"taxes" : 0,
		"payment_date" : null,
		"payment_amount" : 0,
		"approved_by" : 2,
		"submitted_by" : 6,
		"submitted_date_key" : 20060324,
		"creation_date_key" : 20060324,
		"po_detail_date_received_key" : 20060405,
		"approved_date_key" : 20060404
	},
	{
		"fact_purchase_order_key" : 45,
		"purchase_order_key" : 108,
		"supplier_key" : 2,
		"product_key" : 8,
		"inventory_key" : 105,
		"created_by" : 4,
		"purchase_order_status" : "Approved",
		"po_detail_posted_to_inventory" : 1,
		"po_detail_unit_cost" : 30,
		"po_detail_quantity" : 25,
		"shipping_fee" : 0,
		"taxes" : 0,
		"payment_date" : null,
		"payment_amount" : 0,
		"approved_by" : 2,
		"submitted_by" : 4,
		"submitted_date_key" : 20060324,
		"creation_date_key" : 20060324,
		"po_detail_date_received_key" : 20060405,
		"approved_date_key" : 20060404
	},
	{
		"fact_purchase_order_key" : 46,
		"purchase_order_key" : 109,
		"supplier_key" : 2,
		"product_key" : 19,
		"inventory_key" : 109,
		"created_by" : 4,
		"purchase_order_status" : "Approved",
		"po_detail_posted_to_inventory" : 1,
		"po_detail_unit_cost" : 7,
		"po_detail_quantity" : 25,
		"shipping_fee" : 0,
		"taxes" : 0,
		"payment_date" : null,
		"payment_amount" : 0,
		"approved_by" : 2,
		"submitted_by" : 4,
		"submitted_date_key" : 20060324,
		"creation_date_key" : 20060324,
		"po_detail_date_received_key" : 20060405,
		"approved_date_key" : 20060404
	},
	{
		"fact_purchase_order_key" : 47,
		"purchase_order_key" : 110,
		"supplier_key" : 1,
		"product_key" : 43,
		"inventory_key" : 103,
		"created_by" : 3,
		"purchase_order_status" : "Approved",
		"po_detail_posted_to_inventory" : 1,
		"po_detail_unit_cost" : 34,
		"po_detail_quantity" : 250,
		"shipping_fee" : 0,
		"taxes" : 0,
		"payment_date" : null,
		"payment_amount" : 0,
		"approved_by" : 2,
		"submitted_by" : 3,
		"submitted_date_key" : 20060324,
		"creation_date_key" : 20060324,
		"po_detail_date_received_key" : 20060410,
		"approved_date_key" : 20060404
	},
	{
		"fact_purchase_order_key" : 48,
		"purchase_order_key" : 111,
		"supplier_key" : 1,
		"product_key" : 34,
		"inventory_key" : 102,
		"created_by" : 2,
		"purchase_order_status" : "Approved",
		"po_detail_posted_to_inventory" : 1,
		"po_detail_unit_cost" : 10,
		"po_detail_quantity" : 50,
		"shipping_fee" : 0,
		"taxes" : 0,
		"payment_date" : null,
		"payment_amount" : 0,
		"approved_by" : 2,
		"submitted_by" : 2,
		"submitted_date_key" : 20060331,
		"creation_date_key" : 20060331,
		"po_detail_date_received_key" : 20060404,
		"approved_date_key" : 20060404
	},
	{
		"fact_purchase_order_key" : 49,
		"purchase_order_key" : 140,
		"supplier_key" : 6,
		"product_key" : 85,
		"inventory_key" : null,
		"created_by" : null,
		"purchase_order_status" : "Approved",
		"po_detail_posted_to_inventory" : 0,
		"po_detail_unit_cost" : 9,
		"po_detail_quantity" : 10,
		"shipping_fee" : 0,
		"taxes" : 0,
		"payment_date" : null,
		"payment_amount" : 0,
		"approved_by" : 2,
		"submitted_by" : 2,
		"submitted_date_key" : 20060425,
		"creation_date_key" : null,
		"po_detail_date_received_key" : null,
		"approved_date_key" : null
	},
	{
		"fact_purchase_order_key" : 50,
		"purchase_order_key" : 141,
		"supplier_key" : 8,
		"product_key" : 6,
		"inventory_key" : null,
		"created_by" : null,
		"purchase_order_status" : "Approved",
		"po_detail_posted_to_inventory" : 0,
		"po_detail_unit_cost" : 18.75,
		"po_detail_quantity" : 10,
		"shipping_fee" : 0,
		"taxes" : 0,
		"payment_date" : null,
		"payment_amount" : 0,
		"approved_by" : 2,
		"submitted_by" : 2,
		"submitted_date_key" : 20060425,
		"creation_date_key" : null,
		"po_detail_date_received_key" : null,
		"approved_date_key" : null
	},
	{
		"fact_purchase_order_key" : 51,
		"purchase_order_key" : 142,
		"supplier_key" : 8,
		"product_key" : 1,
		"inventory_key" : null,
		"created_by" : null,
		"purchase_order_status" : "Approved",
		"po_detail_posted_to_inventory" : 0,
		"po_detail_unit_cost" : 13.5,
		"po_detail_quantity" : 1,
		"shipping_fee" : 0,
		"taxes" : 0,
		"payment_date" : null,
		"payment_amount" : 0,
		"approved_by" : 2,
		"submitted_by" : 2,
		"submitted_date_key" : 20060425,
		"creation_date_key" : null,
		"po_detail_date_received_key" : null,
		"approved_date_key" : null
	},
	{
		"fact_purchase_order_key" : 52,
		"purchase_order_key" : 146,
		"supplier_key" : 2,
		"product_key" : 20,
		"inventory_key" : null,
		"created_by" : 2,
		"purchase_order_status" : "Submitted",
		"po_detail_posted_to_inventory" : 0,
		"po_detail_unit_cost" : 60,
		"po_detail_quantity" : 40,
		"shipping_fee" : 0,
		"taxes" : 0,
		"payment_date" : null,
		"payment_amount" : 0,
		"approved_by" : null,
		"submitted_by" : 2,
		"submitted_date_key" : null,
		"creation_date_key" : null,
		"po_detail_date_received_key" : null,
		"approved_date_key" : null
	},
	{
		"fact_purchase_order_key" : 53,
		"purchase_order_key" : 146,
		"supplier_key" : 2,
		"product_key" : 51,
		"inventory_key" : null,
		"created_by" : 2,
		"purchase_order_status" : "Submitted",
		"po_detail_posted_to_inventory" : 0,
		"po_detail_unit_cost" : 39,
		"po_detail_quantity" : 40,
		"shipping_fee" : 0,
		"taxes" : 0,
		"payment_date" : null,
		"payment_amount" : 0,
		"approved_by" : null,
		"submitted_by" : 2,
		"submitted_date_key" : null,
		"creation_date_key" : null,
		"po_detail_date_received_key" : null,
		"approved_date_key" : null
	},
	{
		"fact_purchase_order_key" : 54,
		"purchase_order_key" : 147,
		"supplier_key" : 7,
		"product_key" : 40,
		"inventory_key" : null,
		"created_by" : 2,
		"purchase_order_status" : "Submitted",
		"po_detail_posted_to_inventory" : 0,
		"po_detail_unit_cost" : 13,
		"po_detail_quantity" : 120,
		"shipping_fee" : 0,
		"taxes" : 0,
		"payment_date" : null,
		"payment_amount" : 0,
		"approved_by" : null,
		"submitted_by" : 2,
		"submitted_date_key" : null,
		"creation_date_key" : null,
		"po_detail_date_received_key" : null,
		"approved_date_key" : null
	},
	{
		"fact_purchase_order_key" : 55,
		"purchase_order_key" : 148,
		"supplier_key" : 5,
		"product_key" : 72,
		"inventory_key" : null,
		"created_by" : 2,
		"purchase_order_status" : "Submitted",
		"po_detail_posted_to_inventory" : 0,
		"po_detail_unit_cost" : 26,
		"po_detail_quantity" : 40,
		"shipping_fee" : 0,
		"taxes" : 0,
		"payment_date" : null,
		"payment_amount" : 0,
		"approved_by" : null,
		"submitted_by" : 2,
		"submitted_date_key" : null,
		"creation_date_key" : null,
		"po_detail_date_received_key" : null,
		"approved_date_key" : null
	}
]
