[
	{
		"fact_purchase_order_key" : 19,
		"purchase_order_key" : 92,
		"supplier_key" : 2,
		"product_key" : 20,
		"inventory_key" : 46,
		"created_by" : 2,
		"purchase_order_status" : "Approved",
		"po_detail_posted_to_inventory" : 1,
		"po_detail_unit_cost" : 61,
		"po_detail_quantity" : 40,
		"shipping_fee" : 0,
		"taxes" : 0,
		"payment_date" : null,
		"payment_amount" : 0,
		"approved_by" : 2,
		"submitted_by" : 2,
		"submitted_date_key" : 20060114,
		"creation_date_key" : 20060122,
		"po_detail_date_received_key" : 20060122,
		"approved_date_key" : 20060122
	},
	{
		"fact_purchase_order_key" : 20,
		"purchase_order_key" : 92,
		"supplier_key" : 2,
		"product_key" : 21,
		"inventory_key" : 47,
		"created_by" : 2,
		"purchase_order_status" : "Approved",
		"po_detail_posted_to_inventory" : 1,
		"po_detail_unit_cost" : 8,
		"po_detail_quantity" : 20,
		"shipping_fee" : 0,
		"taxes" : 0,
		"payment_date" : null,
		"payment_amount" : 0,
		"approved_by" : 2,
		"submitted_by" : 2,
		"submitted_date_key" : 20060114,
		"creation_date_key" : 20060122,
		"po_detail_date_received_key" : 20060122,
		"approved_date_key" : 20060122
	},
	{
		"fact_purchase_order_key" : 21,
		"purchase_order_key" : 92,
		"supplier_key" : 2,
		"product_key" : 40,
		"inventory_key" : 48,
		"created_by" : 2,
		"purchase_order_status" : "Approved",
		"po_detail_posted_to_inventory" : 1,
		"po_detail_unit_cost" : 14,
		"po_detail_quantity" : 120,
		"shipping_fee" : 0,
		"taxes" : 0,
		"payment_date" : null,
		"payment_amount" : 0,
		"approved_by" : 2,
		"submitted_by" : 2,
		"submitted_date_key" : 20060114,
		"creation_date_key" : 20060122,
		"po_detail_date_received_key" : 20060122,
		"approved_date_key" : 20060122
	},
	{
		"fact_purchase_order_key" : 22,
		"purchase_order_key" : 92,
		"supplier_key" : 2,
		"product_key" : 41,
		"inventory_key" : 49,
		"created_by" : 2,
		"purchase_order_status" : "Approved",
		"po_detail_posted_to_inventory" : 1,
		"po_detail_unit_cost" : 7,
		"po_detail_quantity" : 40,
		"shipping_fee" : 0,
		"taxes" : 0,
		"payment_date" : null,
		"payment_amount" : 0,
		"approved_by" : 2,
		"submitted_by" : 2,
		"submitted_date_key" : 20060114,
		"creation_date_key" : 20060122,
		"po_detail_date_received_key" : 20060122,
		"approved_date_key" : 20060122
	},
	{
		"fact_purchase_order_key" : 23,
		"purchase_order_key" : 92,
		"supplier_key" : 2,
		"product_key" : 48,
		"inventory_key" : 50,
		"created_by" : 2,
		"purchase_order_status" : "Approved",
		"po_detail_posted_to_inventory" : 1,
		"po_detail_unit_cost" : 10,
		"po_detail_quantity" : 100,
		"shipping_fee" : 0,
		"taxes" : 0,
		"payment_date" : null,
		"payment_amount" : 0,
		"approved_by" : 2,
		"submitted_by" : 2,
		"submitted_date_key" : 20060114,
		"creation_date_key" : 20060122,
		"po_detail_date_received_key" : 20060122,
		"approved_date_key" : 20060122
	},
	{
		"fact_purchase_order_key" : 24,
		"purchase_order_key" : 92,
		"supplier_key" : 2,
		"product_key" : 51,
		"inventory_key" : 51,
		"created_by" : 2,
		"purchase_order_status" : "Approved",
		"po_detail_posted_to_inventory" : 1,
		"po_detail_unit_cost" : 40,
		"po_detail_quantity" : 40,
		"shipping_fee" : 0,
		"taxes" : 0,
		"payment_date" : null,
		"payment_amount" : 0,
		"approved_by" : 2,
		"submitted_by" : 2,
		"submitted_date_key" : 20060114,
		"creation_date_key" : 20060122,
		"po_detail_date_received_key" : 20060122,
		"approved_date_key" : 20060122
	},
	{
		"fact_purchase_order_key" : 25,
		"purchase_order_key" : 92,
		"supplier_key" : 2,
		"product_key" : 74,
		"inventory_key" : 52,
		"created_by" : 2,
		"purchase_order_status" : "Approved",
		"po_detail_posted_to_inventory" : 1,
		"po_detail_unit_cost" : 8,
		"po_detail_quantity" : 20,
		"shipping_fee" : 0,
		"taxes" : 0,
		"payment_date" : null,
		"payment_amount" : 0,
		"approved_by" : 2,
		"submitted_by" : 2,
		"submitted_date_key" : 20060114,
		"creation_date_key" : 20060122,
		"po_detail_date_received_key" : 20060122,
		"approved_date_key" : 20060122
	},
	{
		"fact_purchase_order_key" : 26,
		"purchase_order_key" : 92,
		"supplier_key" : 2,
		"product_key" : 77,
		"inventory_key" : 53,
		"created_by" : 2,
		"purchase_order_status" : "Approved",
		"po_detail_posted_to_inventory" : 1,
		"po_detail_unit_cost" : 10,
		"po_detail_quantity" : 60,
		"shipping_fee" : 0,
		"taxes" : 0,
		"payment_date" : null,
		"payment_amount" : 0,
		"approved_by" : 2,
		"submitted_by" : 2,
		"submitted_date_key" : 20060114,
		"creation_date_key" : 20060122,
		"po_detail_date_received_key" : 20060122,
		"approved_date_key" : 20060122
	},
	{
		"fact_purchase_order_key" : 27,
		"purchase_order_key" : 92,
		"supplier_key" : 2,
		"product_key" : 19,
		"inventory_key" : null,
		"created_by" : 2,
		"purchase_order_status" : "Approved",
		"po_detail_posted_to_inventory" : 0,
		"po_detail_unit_cost" : 7,
		"po_detail_quantity" : 20,
		"shipping_fee" : 0,
		"taxes" : 0,
		"payment_date" : null,
		"payment_amount" : 0,
		"approved_by" : 2,
		"submitted_by" : 2,
		"submitted_date_key" : 20060114,
		"creation_date_key" : 20060122,
		"po_detail_date_received_key" : null,
		"approved_date_key" : 20060122
	},
	{
		"fact_purchase_order_key" : 28,
		"purchase_order_key" : 93,
		"supplier_key" : 5,
		"product_key" : 52,
		"inventory_key" : 37,
		"created_by" : 2,
		"purchase_order_status" : "Approved",
		"po_detail_posted_to_inventory" : 1,
		"po_detail_unit_cost" : 5,
		"po_detail_quantity" : 100,
		"shipping_fee" : 0,
		"taxes" : 0,
		"payment_date" : null,
		"payment_amount" : 0,
		"approved_by" : 2,
		"submitted_by" : 2,
		"submitted_date_key" : 20060114,
		"creation_date_key" : 20060122,
		"po_detail_date_received_key" : 20060122,
		"approved_date_key" : 20060122
	},
	{
		"fact_purchase_order_key" : 29,
		"purchase_order_key" : 93,
		"supplier_key" : 5,
		"product_key" : 56,
		"inventory_key" : 38,
		"created_by" : 2,
		"purchase_order_status" : "Approved",
		"po_detail_posted_to_inventory" : 1,
		"po_detail_unit_cost" : 28,
		"po_detail_quantity" : 120,
		"shipping_fee" : 0,
		"taxes" : 0,
		"payment_date" : null,
		"payment_amount" : 0,
		"approved_by" : 2,
		"submitted_by" : 2,
		"submitted_date_key" : 20060114,
		"creation_date_key" : 20060122,
		"po_detail_date_received_key" : 20060122,
		"approved_date_key" : 20060122
	},
	{
		"fact_purchase_order_key" : 30,
		"purchase_order_key" : 93,
		"supplier_key" : 5,
		"product_key" : 57,
		"inventory_key" : 39,
		"created_by" : 2,
		"purchase_order_status" : "Approved",
		"po_detail_posted_to_inventory" : 1,
		"po_detail_unit_cost" : 15,
		"po_detail_quantity" : 80,
		"shipping_fee" : 0,
		"taxes" : 0,
		"payment_date" : null,
		"payment_amount" : 0,
		"approved_by" : 2,
		"submitted_by" : 2,
		"submitted_date_key" : 20060114,
		"creation_date_key" : 20060122,
		"po_detail_date_received_key" : 20060122,
		"approved_date_key" : 20060122
	},
	{
		"fact_purchase_order_key" : 31,
		"purchase_order_key" : 94,
		"supplier_key" : 6,
		"product_key" : 72,
		"inventory_key" : 36,
		"created_by" : 2,
		"purchase_order_status" : "Approved",
		"po_detail_posted_to_inventory" : 1,
		"po_detail_unit_cost" : 26,
		"po_detail_quantity" : 40,
		"shipping_fee" : 0,
		"taxes" : 0,
		"payment_date" : null,
		"payment_amount" : 0,
		"approved_by" : 2,
		"submitted_by" : 2,
		"submitted_date_key" : 20060114,
		"creation_date_key" : 20060122,
		"po_detail_date_received_key" : 20060122,
		"approved_date_key" : 20060122
	},
	{
		"fact_purchase_order_key" : 32,
		"purchase_order_key" : 95,
		"supplier_key" : 4,
		"product_key" : 80,
		"inventory_key" : 35,
		"created_by" : 2,
		"purchase_order_status" : "Approved",
		"po_detail_posted_to_inventory" : 1,
		"po_detail_unit_cost" : 3,
		"po_detail_quantity" : 75,
		"shipping_fee" : 0,
		"taxes" : 0,
		"payment_date" : null,
		"payment_amount" : 0,
		"approved_by" : 2,
		"submitted_by" : 2,
		"submitted_date_key" : 20060114,
		"creation_date_key" : 20060122,
		"po_detail_date_received_key" : 20060122,
		"approved_date_key" : 20060122
	},
	{
		"fact_purchase_order_key" : 33,
		"purchase_order_key" : 96,
		"supplier_key" : 1,
		"product_key" : 34,
		"inventory_key" : 82,
		"created_by" : 5,
		"purchase_order_status" : "Approved",
		"po_detail_posted_to_inventory" : 1,
		"po_detail_unit_cost" : 10,
		"po_detail_quantity" : 100,
		"shipping_fee" : 0,
		"taxes" : 0,
		"payment_date" : null,
		"payment_amount" : 0,
		"approved_by" : 2,
		"submitted_by" : 5,
		"submitted_date_key" : 20060114,
		"creation_date_key" : 20060122,
		"po_detail_date_received_key" : 20060122,
		"approved_date_key" : 20060122
	},
	{
		"fact_purchase_order_key" : 34,
		"purchase_order_key" : 97,
		"supplier_key" : 2,
		"product_key" : 19,
		"inventory_key" : 80,
		"created_by" : 7,
		"purchase_order_status" : "Approved",
		"po_detail_posted_to_inventory" : 1,
		"po_detail_unit_cost" : 7,
		"po_detail_quantity" : 30,
		"shipping_fee" : 0,
		"taxes" : 0,
		"payment_date" : null,
		"payment_amount" : 0,
		"approved_by" : 2,
		"submitted_by" : 7,
		"submitted_date_key" : 20060114,
		"creation_date_key" : 20060122,
		"po_detail_date_received_key" : 20060122,
		"approved_date_key" : 20060122
	},
	{
		"fact_purchase_order_key" : 35,
		"purchase_order_key" : 98,
		"supplier_key" : 2,
		"product_key" : 41,
		"inventory_key" : 78,
		"created_by" : 4,
		"purchase_order_status" : "Approved",
		"po_detail_posted_to_inventory" : 1,
		"po_detail_unit_cost" : 7,
		"po_detail_quantity" : 200,
		"shipping_fee" : 0,
		"taxes" : 0,
		"payment_date" : null,
		"payment_amount" : 0,
		"approved_by" : 2,
		"submitted_by" : 4,
		"submitted_date_key" : 20060114,
		"creation_date_key" : 20060122,
		"po_detail_date_received_key" : 20060122,
		"approved_date_key" : 20060122
	},
	{
		"fact_purchase_order_key" : 36,
		"purchase_order_key" : 99,
		"supplier_key" : 1,
		"product_key" : 43,
		"inventory_key" : 76,
		"created_by" : 3,
		"purchase_order_status" : "Approved",
		"po_detail_posted_to_inventory" : 1,
		"po_detail_unit_cost" : 34,
		"po_detail_quantity" : 300,
		"shipping_fee" : 0,
		"taxes" : 0,
		"payment_date" : null,
		"payment_amount" : 0,
		"approved_by" : 2,
		"submitted_by" : 3,
		"submitted_date_key" : 20060114,
		"creation_date_key" : 20060122,
		"po_detail_date_received_key" : 20060122,
		"approved_date_key" : 20060122
	}
]
