[
	{
		"fact_order_key" : 20,
		"order_key" : 45,
		"employee_key" : 1,
		"customer_key" : 28,
		"product_key" : 40,
		"shipper_key" : 3,
		"order_date_key" : 20060407,
		"paid_date_key" : 20060407,
		"shipped_date_key" : 20060407,
		"quantity" : 50,
		"unit_price" : 18.4,
		"discount" : 0,
		"shipping_fee" : 40,
		"taxes" : 0,
		"tax_rate" : 0,
		"payment_type" : "Credit Card",
		"order_status" : "Closed",
		"order_details_status" : "Invoiced"
	},
	{
		"fact_order_key" : 21,
		"order_key" : 46,
		"employee_key" : 7,
		"customer_key" : 9,
		"product_key" : 57,
		"shipper_key" : 1,
		"order_date_key" : 20060405,
		"paid_date_key" : 20060405,
		"shipped_date_key" : 20060405,
		"quantity" : 100,
		"unit_price" : 19.5,
		"discount" : 0,
		"shipping_fee" : 100,
		"taxes" : 0,
		"tax_rate" : 0,
		"payment_type" : "Check",
		"order_status" : "Closed",
		"order_details_status" : "Invoiced"
	},
	{
		"fact_order_key" : 22,
		"order_key" : 46,
		"employee_key" : 7,
		"customer_key" : 9,
		"product_key" : 72,
		"shipper_key" : 1,
		"order_date_key" : 20060405,
		"paid_date_key" : 20060405,
		"shipped_date_key" : 20060405,
		"quantity" : 50,
		"unit_price" : 34.8,
		"discount" : 0,
		"shipping_fee" : 100,
		"taxes" : 0,
		"tax_rate" : 0,
		"payment_type" : "Check",
		"order_status" : "Closed",
		"order_details_status" : "Invoiced"
	},
	{
		"fact_order_key" : 23,
		"order_key" : 47,
		"employee_key" : 6,
		"customer_key" : 6,
		"product_key" : 34,
		"shipper_key" : 2,
		"order_date_key" : 20060408,
		"paid_date_key" : 20060408,
		"shipped_date_key" : 20060408,
		"quantity" : 300,
		"unit_price" : 14,
		"discount" : 0,
		"shipping_fee" : 300,
		"taxes" : 0,
		"tax_rate" : 0,
		"payment_type" : "Credit Card",
		"order_status" : "Closed",
		"order_details_status" : "Invoiced"
	},
	{
		"fact_order_key" : 24,
		"order_key" : 48,
		"employee_key" : 4,
		"customer_key" : 8,
		"product_key" : 8,
		"shipper_key" : 2,
		"order_date_key" : 20060405,
		"paid_date_key" : 20060405,
		"shipped_date_key" : 20060405,
		"quantity" : 25,
		"unit_price" : 40,
		"discount" : 0,
		"shipping_fee" : 50,
		"taxes" : 0,
		"tax_rate" : 0,
		"payment_type" : "Check",
		"order_status" : "Closed",
		"order_details_status" : "Invoiced"
	},
	{
		"fact_order_key" : 25,
		"order_key" : 48,
		"employee_key" : 4,
		"customer_key" : 8,
		"product_key" : 19,
		"shipper_key" : 2,
		"order_date_key" : 20060405,
		"paid_date_key" : 20060405,
		"shipped_date_key" : 20060405,
		"quantity" : 25,
		"unit_price" : 9.2,
		"discount" : 0,
		"shipping_fee" : 50,
		"taxes" : 0,
		"tax_rate" : 0,
		"payment_type" : "Check",
		"order_status" : "Closed",
		"order_details_status" : "Invoiced"
	},
	{
		"fact_order_key" : 26,
		"order_key" : 50,
		"employee_key" : 9,
		"customer_key" : 25,
		"product_key" : 21,
		"shipper_key" : 1,
		"order_date_key" : 20060405,
		"paid_date_key" : 20060405,
		"shipped_date_key" : 20060405,
		"quantity" : 20,
		"unit_price" : 10,
		"discount" : 0,
		"shipping_fee" : 5,
		"taxes" : 0,
		"tax_rate" : 0,
		"payment_type" : "Cash",
		"order_status" : "Closed",
		"order_details_status" : "Invoiced"
	},
	{
		"fact_order_key" : 27,
		"order_key" : 51,
		"employee_key" : 9,
		"customer_key" : 26,
		"product_key" : 5,
		"shipper_key" : 3,
		"order_date_key" : 20060405,
		"paid_date_key" : 20060405,
		"shipped_date_key" : 20060405,
		"quantity" : 25,
		"unit_price" : 21.35,
		"discount" : 0,
		"shipping_fee" : 60,
		"taxes" : 0,
		"tax_rate" : 0,
		"payment_type" : "Credit Card",
		"order_status" : "Closed",
		"order_details_status" : "Invoiced"
	},
	{
		"fact_order_key" : 28,
		"order_key" : 51,
		"employee_key" : 9,
		"customer_key" : 26,
		"product_key" : 41,
		"shipper_key" : 3,
		"order_date_key" : 20060405,
		"paid_date_key" : 20060405,
		"shipped_date_key" : 20060405,
		"quantity" : 30,
		"unit_price" : 9.65,
		"discount" : 0,
		"shipping_fee" : 60,
		"taxes" : 0,
		"tax_rate" : 0,
		"payment_type" : "Credit Card",
		"order_status" : "Closed",
		"order_details_status" : "Invoiced"
	},
	{
		"fact_order_key" : 29,
		"order_key" : 51,
		"employee_key" : 9,
		"customer_key" : 26,
		"product_key" : 40,
		"shipper_key" : 3,
		"order_date_key" : 20060405,
		"paid_date_key" : 20060405,
		"shipped_date_key" : 20060405,
		"quantity" : 30,
		"unit_price" : 18.4,
		"discount" : 0,
		"shipping_fee" : 60,
		"taxes" : 0,
		"tax_rate" : 0,
		"payment_type" : "Credit Card",
		"order_status" : "Closed",
		"order_details_status" : "Invoiced"
	},
	{
		"fact_order_key" : 30,
		"order_key" : 56,
		"employee_key" : 2,
		"customer_key" : 6,
		"product_key" : 48,
		"shipper_key" : 3,
		"order_date_key" : 20060403,
		"paid_date_key" : 20060403,
		"shipped_date_key" : 20060403,
		"quantity" : 10,
		"unit_price" : 12.75,
		"discount" : 0,
		"shipping_fee" : 0,
		"taxes" : 0,
		"tax_rate" : 0,
		"payment_type" : "Check",
		"order_status" : "Closed",
		"order_details_status" : "Invoiced"
	},
	{
		"fact_order_key" : 31,
		"order_key" : 55,
		"employee_key" : 1,
		"customer_key" : 29,
		"product_key" : 34,
		"shipper_key" : 2,
		"order_date_key" : 20060405,
		"paid_date_key" : 20060405,
		"shipped_date_key" : 20060405,
		"quantity" : 87,
		"unit_price" : 14,
		"discount" : 0,
		"shipping_fee" : 200,
		"taxes" : 0,
		"tax_rate" : 0,
		"payment_type" : "Check",
		"order_status" : "Closed",
		"order_details_status" : "Invoiced"
	},
	{
		"fact_order_key" : 32,
		"order_key" : 79,
		"employee_key" : 2,
		"customer_key" : 6,
		"product_key" : 7,
		"shipper_key" : 3,
		"order_date_key" : 20060623,
		"paid_date_key" : 20060623,
		"shipped_date_key" : 20060623,
		"quantity" : 30,
		"unit_price" : 30,
		"discount" : 0,
		"shipping_fee" : 0,
		"taxes" : 0,
		"tax_rate" : 0,
		"payment_type" : "Check",
		"order_status" : "Closed",
		"order_details_status" : "Invoiced"
	},
	{
		"fact_order_key" : 33,
		"order_key" : 79,
		"employee_key" : 2,
		"customer_key" : 6,
		"product_key" : 51,
		"shipper_key" : 3,
		"order_date_key" : 20060623,
		"paid_date_key" : 20060623,
		"shipped_date_key" : 20060623,
		"quantity" : 30,
		"unit_price" : 53,
		"discount" : 0,
		"shipping_fee" : 0,
		"taxes" : 0,
		"tax_rate" : 0,
		"payment_type" : "Check",
		"order_status" : "Closed",
		"order_details_status" : "Invoiced"
	},
	{
		"fact_order_key" : 34,
		"order_key" : 78,
		"employee_key" : 1,
		"customer_key" : 29,
		"product_key" : 17,
		"shipper_key" : 2,
		"order_date_key" : 20060605,
		"paid_date_key" : 20060605,
		"shipped_date_key" : 20060605,
		"quantity" : 40,
		"unit_price" : 39,
		"discount" : 0,
		"shipping_fee" : 200,
		"taxes" : 0,
		"tax_rate" : 0,
		"payment_type" : "Check",
		"order_status" : "Closed",
		"order_details_status" : "Invoiced"
	},
	{
		"fact_order_key" : 35,
		"order_key" : 77,
		"employee_key" : 9,
		"customer_key" : 26,
		"product_key" : 6,
		"shipper_key" : 3,
		"order_date_key" : 20060605,
		"paid_date_key" : 20060605,
		"shipped_date_key" : 20060605,
		"quantity" : 90,
		"unit_price" : 25,
		"discount" : 0,
		"shipping_fee" : 60,
		"taxes" : 0,
		"tax_rate" : 0,
		"payment_type" : "Credit Card",
		"order_status" : "Closed",
		"order_details_status" : "Invoiced"
	},
	{
		"fact_order_key" : 36,
		"order_key" : 76,
		"employee_key" : 9,
		"customer_key" : 25,
		"product_key" : 4,
		"shipper_key" : 1,
		"order_date_key" : 20060605,
		"paid_date_key" : 20060605,
		"shipped_date_key" : 20060605,
		"quantity" : 30,
		"unit_price" : 22,
		"discount" : 0,
		"shipping_fee" : 5,
		"taxes" : 0,
		"tax_rate" : 0,
		"payment_type" : "Cash",
		"order_status" : "Closed",
		"order_details_status" : "Invoiced"
	},
	{
		"fact_order_key" : 37,
		"order_key" : 75,
		"employee_key" : 4,
		"customer_key" : 8,
		"product_key" : 48,
		"shipper_key" : 2,
		"order_date_key" : 20060605,
		"paid_date_key" : 20060605,
		"shipped_date_key" : 20060605,
		"quantity" : 40,
		"unit_price" : 12.75,
		"discount" : 0,
		"shipping_fee" : 50,
		"taxes" : 0,
		"tax_rate" : 0,
		"payment_type" : "Check",
		"order_status" : "Closed",
		"order_details_status" : "Invoiced"
	},
	{
		"fact_order_key" : 38,
		"order_key" : 74,
		"employee_key" : 6,
		"customer_key" : 6,
		"product_key" : 48,
		"shipper_key" : 2,
		"order_date_key" : 20060608,
		"paid_date_key" : 20060608,
		"shipped_date_key" : 20060608,
		"quantity" : 40,
		"unit_price" : 12.75,
		"discount" : 0,
		"shipping_fee" : 300,
		"taxes" : 0,
		"tax_rate" : 0,
		"payment_type" : "Credit Card",
		"order_status" : "Closed",
		"order_details_status" : "Invoiced"
	}
]
